prov_code,dc_code,muni_code,name,miif_category,government_transfers_subsidies_percent,households_2011,avg_household_size_2011,households_2022,avg_household_size_2022,formal_dwelling_2011,traditional_dwelling_2011,informal_dwelling_2011,other_dwelling_2011,formal_dwelling_2022,traditional_dwelling_2022,informal_dwelling_2022,other_dwelling_2022,water_scheme_2011,other_water_2011,water_scheme_2022,other_water_2022,flush_toilet_2011,other_toilet_2011,no_toilet_2011,flush_toilet_2022,other_toilet_2022,no_toilet_2022,electricity_cooking_2011,gas_cooking_2011,other_cooking_2011,electricity_cooking_2022,gas_cooking_2022,other_cooking_2022
EC,BUF,BUF,Buffalo City,METRO,19.4,230764,3.4,268438,3.6,165952,12056,51113,1643,229710,7942,30160,627,209923,20841,247178,21260,159440,56116,15208,216678,49623,2137,171497,8530,50243,176849,76992,14080
EC,DC10,EC101,Dr Beyers Naude,B3,37.8,19922,4,23318,4.3,18994,86,728,113,22668,65,563,22,15836,4086,21061,2257,17358,1527,1037,22398,595,324,16762,629,2477,18329,4330,593
EC,DC10,EC102,Blue Crane Route,B3,34.9,9761,3.7,16117,3.1,9356,64,286,54,15660,52,394,10,7830,1930,12743,3374,8252,891,617,14056,1381,679,8025,235,1470,11708,3283,1098
EC,DC10,EC104,Makana,B2,31.3,21388,3.8,29239,3.3,18269,780,2153,186,26206,338,2574,120,18871,2517,26863,2376,15917,4634,837,26223,2549,467,17245,1512,2597,19459,8793,948
EC,DC10,EC105,Ndlambe,B3,38.2,19330,3.2,32440,2.7,16153,727,2185,265,29493,273,2593,80,16093,3237,27814,4625,11697,7062,570,27591,4583,265,14969,1576,2737,17103,13757,1492
EC,DC10,EC106,Sundays River Valley,B3,54.9,14749,3.7,19017,2.8,12473,734,1412,130,16702,511,1772,32,11316,3432,15060,3957,8662,5120,967,15503,3046,468,10846,421,3431,13164,4844,950
EC,DC10,EC108,Kouga,B3,21.2,29447,3.3,28681,3.7,22414,325,6321,388,24301,236,4070,74,26919,2528,26088,2593,22315,5764,1367,24302,3832,547,24172,1403,3792,18837,9040,733
EC,DC10,EC109,Kou-Kamma,B3,50.2,11032,3.7,9593,3.8,9998,34,830,170,9031,47,460,55,7143,3889,8069,1525,8318,2077,638,8776,731,87,9169,306,1511,7528,1844,189
EC,DC12,EC121,Mbhashe,B4,88.8,61893,4.2,52715,4.6,18921,41096,1547,328,36476,15734,268,237,10613,51279,15272,37443,2745,31623,27525,13944,38114,657,22394,1987,37380,31467,14141,7034
EC,DC12,EC122,Mnquma,B4,75.4,67962,3.6,65221,3.6,33365,28524,5493,580,51526,12249,782,664,29035,38927,23776,41444,10235,52936,4792,22244,42406,571,31490,2223,34125,43375,16355,5389
EC,DC12,EC123,Great Kei,B3,51.6,8073,3.8,12095,3,5533,1317,1141,82,10335,599,1099,62,5360,2712,6616,5479,3580,2505,1988,6091,5699,305,5099,485,2477,6874,4237,967
EC,DC12,EC124,Amahlathi,B3,62,28357,3.6,33621,3.4,17447,9571,1081,258,28344,4145,986,147,21985,6373,25051,8571,7502,19471,1384,15592,17516,514,20421,590,7256,23323,7942,2309
EC,DC12,EC126,Ngqushwa,B4,76.6,19222,3.4,24913,2.7,13755,4223,1160,85,22268,2143,420,83,12699,6523,13339,11574,1192,17175,856,7137,17442,335,13756,477,4932,17171,6461,1252
EC,DC12,EC129,Raymond Mhlaba,B3,51.6,42065,3.6,53047,3.4,30948,9729,1152,236,46990,4549,1339,170,33154,8910,36622,16425,15923,24042,2099,31877,20701,469,32833,957,8137,39586,11133,2245
EC,DC13,EC131,Inxuba Yethemba,B3,26,18463,3.6,22994,3.4,17902,67,381,113,22712,92,165,25,14024,4439,20659,2335,16629,909,926,21907,584,503,16658,491,1256,17672,4901,389
EC,DC13,EC135,Intsika Yethu,B4,90.4,41790,3.6,32227,4,14086,27049,426,230,20420,11633,98,77,16324,25467,13595,18632,1298,24886,15607,10279,19844,2103,18710,1907,21088,19785,10333,2072
EC,DC13,EC136,Emalahleni,B4,77.4,32005,3.8,32771,3.9,17855,13887,157,106,27344,5224,146,58,18139,13866,21740,11031,4191,17650,10163,12645,16066,4060,19400,1022,11524,22744,8037,1833
EC,DC13,EC137,Engcobo,B4,92.2,37214,4.2,24307,5.5,11436,24687,641,450,16300,7784,157,66,10230,26984,8616,15692,1730,19280,16204,6964,14882,2461,13268,1633,22222,14614,7006,2565
EC,DC13,EC138,Sakhisizwe,B3,74.7,16016,3.9,17355,3.7,10335,4753,786,142,14441,2513,361,40,9932,6083,12906,4450,3786,9694,2535,7801,8508,1046,9482,529,5963,11810,4585,924
EC,DC13,EC139,Enoch Mgijima,B2,29.9,68354,3.7,96791,3.1,59927,6091,2021,315,92928,1945,1662,256,55974,12381,77657,19135,42270,21019,5065,69866,24901,2024,54979,1552,11639,72024,21169,3449
EC,DC14,EC141,Elundini,B4,72,37551,3.6,41210,3.4,12450,24534,348,218,31529,8850,733,97,11151,26400,22447,18763,4255,24667,8629,16702,23081,1427,13191,3025,21262,19822,15431,5882
EC,DC14,EC142,Senqu,B4,67,38046,3.5,48914,3,26717,9067,1919,343,43301,3946,1415,252,22649,15397,28320,20594,5186,26936,5924,19761,27441,1713,24499,1255,12233,32669,13995,2153
EC,DC14,EC145,Walter Sisulu,B3,27.7,21874,3.5,34171,3,19735,138,1880,121,32242,440,1445,43,18723,3151,29965,4205,16745,2958,2171,30662,2395,1114,17434,748,3662,21612,10694,1801
EC,DC15,EC153,Ngquza Hill,B4,87.2,56212,5,64051,5.5,22750,32580,540,342,49044,13462,1136,410,8491,47721,12733,51319,1843,46269,8100,11458,49123,3470,20322,2030,33736,34493,11520,17943
EC,DC15,EC154,Port St Johns,B4,89.8,31713,4.9,30643,5.9,7817,23475,319,102,20225,9876,422,120,6232,25481,7641,23002,967,22415,8330,5947,22970,1727,9885,947,20770,13502,5818,11237
EC,DC15,EC155,Nyandeni,B4,88.2,61647,4.7,60281,5.1,20818,39815,397,617,44041,15664,431,144,15149,46498,16614,43667,1338,43612,16696,14287,42030,3964,24669,1934,34890,32305,15231,12610
EC,DC15,EC156,Mhlontlo,B4,85.9,44079,4.3,43980,4.2,15128,27637,1018,296,31721,11873,152,235,12721,31359,14173,29807,1830,32655,9594,11620,29163,3198,19620,2201,22133,26481,12034,5388
EC,DC15,EC157,King Sabata Dalindyebo,B2,33.6,104878,4.3,114580,4.2,63125,38513,2085,1155,96929,16559,535,557,42446,62432,68140,46440,28669,62437,13772,54534,54956,5091,60313,5260,38971,71884,33687,8807
EC,DC44,EC441,Matatiele,B3,74.2,49527,4.1,55757,4,24594,21410,697,2826,42281,12892,401,183,24115,25412,25678,30079,5879,37461,6187,15656,37746,2356,15823,3755,29848,29475,14845,11346
EC,DC44,EC442,Umzimvubu,B4,82.8,46931,4.1,51698,4.1,17681,27940,721,589,38000,13329,187,183,14389,32542,21682,30016,3195,38599,5137,13808,35443,2447,13947,4256,28583,29047,13915,8633
EC,DC44,EC443,Winnie Madikizela-Mandela,B4,80.1,48446,5.8,62479,5.6,21173,26216,476,581,44007,17171,714,587,3401,45045,17598,44881,1062,40529,6855,10058,48550,3871,14978,2465,30862,30673,11519,20176
EC,DC44,EC444,Ntabankulu,B4,88,24355,5.1,28365,5.2,6014,18045,115,181,15948,12092,236,89,6010,18345,8800,19565,1116,16793,6446,5552,20492,2321,3273,1578,19449,13564,6131,8610
EC,NMA,NMA,Nelson Mandela Bay,METRO,14.8,324279,3.6,307931,3.9,282618,1112,38859,1690,283398,1202,22793,538,313300,10979,296999,10932,289768,28296,6215,288048,16875,3008,278560,10559,34441,236853,60871,9695
FS,DC16,FS161,Letsemeng,B3,49.1,11242,3.4,10940,3.9,9358,17,1812,55,9279,33,1586,43,8992,2250,8961,1979,8492,2183,567,9031,1453,456,9896,293,1021,8739,1336,827
FS,DC16,FS162,Kopanong,B3,47.9,15643,3.1,14578,3.6,14293,57,1213,80,13797,50,663,68,12475,3168,12999,1579,13374,1288,981,13989,245,344,13493,522,1580,11808,2382,352
FS,DC16,FS163,Mohokare,B3,51,10793,3.2,10546,3.5,9350,74,1322,47,9739,39,689,78,8468,2324,8837,1708,7831,2146,816,9128,1183,235,8205,551,2009,8023,1759,733
FS,DC18,FS181,Masilonyana,B3,39.8,16476,3.6,17853,3.6,13614,79,2655,128,16246,84,1316,207,14587,1890,15289,2564,12365,3579,532,16162,1486,205,14555,331,1567,14010,2839,960
FS,DC18,FS182,Tokologo,B3,48.5,8698,3.3,8061,3.7,7292,43,1290,72,6739,12,1125,185,6188,2509,7302,759,2265,5473,960,4937,2913,211,6867,193,1625,5975,1724,342
FS,DC18,FS183,Tswelopele,B3,59.4,11991,4,14798,3.8,9641,52,2244,54,12613,111,1984,91,9131,2860,12558,2241,9734,1504,752,12313,2093,393,10514,271,1191,11941,2366,456
FS,DC18,FS184,Matjhabeng,B1,21.3,123382,3.3,126068,3.5,96835,490,24313,1744,111125,440,13987,516,117046,6336,119966,6102,101003,19302,3077,109797,14239,2031,108193,2232,12715,97421,23402,5065
FS,DC18,FS185,Nala,B3,42.5,21700,3.7,23027,3.9,16837,89,4653,121,20632,99,2197,99,19009,2692,21388,1639,15524,5612,564,20369,2436,222,18557,495,2600,18921,2792,1256
FS,DC19,FS191,Setsoto,B3,51.9,33496,3.3,36471,3.5,23485,894,8942,176,30369,349,5452,301,29538,3958,33207,3264,20463,11662,1371,28567,7308,596,27327,1423,4681,28641,5085,2671
FS,DC19,FS192,Dihlabeng,B2,27.9,38590,3.3,41468,3.1,29598,1896,6904,192,35430,646,5283,109,33256,5334,38144,3324,29799,7970,821,37825,3436,207,28944,1793,7794,29869,8644,2894
FS,DC19,FS193,Nketoana,B3,32.7,17318,3.5,19738,3.4,12735,655,3879,50,16587,148,2790,213,13983,3336,16817,2921,11192,5631,494,15146,4282,310,12831,466,3993,14540,3311,1831
FS,DC19,FS194,Maluti a Phofung,B3,62.5,100226,3.4,115151,3.5,80585,9676,9157,808,101408,4405,8806,531,89316,10911,101578,13573,32762,64823,2641,49423,63899,1830,81220,3233,15575,96825,13801,4362
FS,DC19,FS195,Phumelela,B3,59.7,12888,3.7,15605,3.3,9407,1269,2136,77,12937,836,1765,67,9762,3126,12640,2965,8068,4019,801,11715,3561,330,7176,440,5238,9437,3008,3121
FS,DC19,FS196,Mantsopa,B3,37.5,15170,3.4,15982,3.5,12406,450,2226,87,14556,275,986,164,12775,2395,13425,2557,10658,4125,386,13985,1549,448,12028,834,2283,12269,2827,864
FS,DC20,FS201,Moqhaka,B2,31.2,45661,3.5,42789,3.6,40495,215,4705,246,38915,202,3357,315,39821,5840,40199,2591,39826,4943,892,39248,3178,363,40593,1085,3922,36034,5574,1121
FS,DC20,FS203,Ngwathe,B3,36.7,37099,3.2,36793,3.7,30172,159,6510,257,33560,181,2718,335,32786,4313,32674,4119,28570,7919,609,32802,3721,270,32675,903,3418,27754,7586,1403
FS,DC20,FS204,Metsimaholo,B2,24.2,45752,3.3,49060,3.2,38380,126,6524,723,43311,215,5364,170,43720,2032,46238,2822,34546,10589,617,41184,7418,459,38028,2892,4755,31468,14989,2519
FS,DC20,FS205,Mafube,B3,50.1,16459,3.5,16896,3.6,11653,216,4515,74,14303,216,2351,26,14828,1631,15863,1033,12997,3151,310,16125,658,113,12375,419,3609,13219,2602,1038
FS,MAN,MAN,Mangaung,METRO,24.5,240700,3.2,229426,3.5,201598,3084,33986,2034,206758,2155,19274,1239,226436,14264,218436,10990,152796,79371,8534,162953,61012,5462,212087,5522,22681,187074,32639,9333
GP,EKU,EKU,Ekurhuleni,METRO,18.9,1015398,3.1,1421003,2.9,786195,2498,218259,8446,1253299,4340,158756,4608,972656,42741,1371871,49132,875905,127687,11806,1296077,119463,5463,805735,25931,182273,930276,402400,87338
GP,DC42,GT421,Emfuleni,B1,13.3,220131,3.3,297910,3.2,187872,654,30649,956,268491,866,28065,488,211999,8132,289057,8853,198417,19457,2257,283749,12738,1424,198796,5641,15403,204416,81023,12168
GP,DC42,GT422,Midvaal,B2,17.2,29961,3.2,36464,3.1,24040,151,5380,391,33969,138,2228,129,22697,7264,31135,5328,22871,6484,606,34330,2009,124,21552,2631,5736,20602,14217,1625
GP,DC42,GT423,Lesedi,B3,25.1,29664,3.4,42597,3.1,25358,119,3895,292,40499,269,1786,44,26378,3286,40779,1819,26441,2888,335,41310,1241,46,23173,1170,5244,29855,10922,1754
GP,DC48,GT481,Mogale City,B1,23,117439,3.1,150787,2.9,86370,422,29651,996,128202,598,21495,492,101443,15996,139338,11448,98604,16533,2302,134761,15513,512,96746,4178,16299,91034,52851,6724
GP,DC48,GT484,Merafong City,B2,21.7,66624,3,77599,2.9,49792,137,14176,2518,71086,119,6281,113,61996,4627,73911,3688,55368,10582,673,73045,4304,249,50558,1210,14691,55862,20095,1569
GP,DC48,GT485,Rand West City,B2,28.8,83397,3.1,128144,2.6,58280,199,23911,1007,114739,324,12929,153,74748,8649,123477,4668,61863,20004,1530,115696,11474,974,60548,2785,19863,73201,49947,4885
GP,JHB,JHB,City of Johannesburg,METRO,19.3,1434715,3.1,1841917,2.6,1167814,5626,249818,11456,1654417,3890,179028,4583,1371908,62808,1765087,76830,1281870,141353,11491,1712838,124020,5059,1254258,48151,130650,1086838,678471,75203
GP,TSH,TSH,City of Tshwane,METRO,18.3,911498,3.2,1322252,3.1,735200,3914,164008,8374,1141292,3517,173749,3693,825737,85761,1185166,137086,717512,182009,11976,1077627,235445,9179,767774,27608,114700,844148,389451,86187
KZN,ETH,ETH,eThekwini,METRO,15.5,963011,3.6,1122738,3.8,759012,43508,149328,11163,1001347,18677,100291,2422,868117,94895,1052684,70055,653355,289098,20558,902237,207801,12700,821310,26036,113253,846835,257680,15818
KZN,DC21,KZN212,Umdoni,B2,58.2,34191,3.8,33084,4.7,19357,11587,2967,280,24908,5734,2346,96,24374,9817,21789,11295,11071,22153,967,14450,18451,182,18182,1855,14062,22451,6334,4245
KZN,DC21,KZN213,Umzumbe,B4,91.6,33446,4.6,28593,4.9,16225,16561,350,310,22788,5562,216,28,13035,20411,18505,10088,1311,30497,1638,5904,22202,488,11015,1464,20833,18748,4819,4986
KZN,DC21,KZN214,uMuziwabantu,B3,60.4,21619,4.5,23319,5,10320,10552,500,247,17061,6067,143,48,12898,8721,12690,10629,2641,17884,1094,5504,17203,612,10132,641,10796,16094,3317,3843
KZN,DC21,KZN216,Ray Nkonyeni,B2,33.3,83644,3.7,87632,4.1,67471,11110,4056,1007,82171,2324,2922,215,69841,13803,68572,19060,30583,48631,4430,38256,47854,1522,62185,3301,18002,64477,20122,2912
KZN,DC22,KZN221,uMshwathi,B4,68.8,24826,3.9,24987,4.7,15461,8484,707,174,20215,4223,489,60,11100,13727,16075,8912,5086,18348,1392,8009,16229,749,13885,648,10258,17391,5061,2478
KZN,DC22,KZN222,uMngeni,B2,25.8,30639,3.1,27094,3.9,26099,1350,2721,469,24457,819,1771,48,20935,9704,23497,3597,22529,7609,501,22496,4259,339,23351,2457,4780,20127,5709,1228
KZN,DC22,KZN223,Mpofana,B3,34.7,9843,3.5,8437,4,7879,1637,226,100,7684,661,86,6,5554,4289,6786,1651,6196,2938,709,6767,1633,37,6287,453,3088,5410,1535,1485
KZN,DC22,KZN224,Impendle,B4,85.1,9128,4.1,7155,5.1,4011,5010,23,83,5436,1645,54,21,2532,6596,2919,4237,700,8271,157,1129,5985,41,4265,311,4521,5306,851,987
KZN,DC22,KZN225,The Msunduzi,B1,16.9,164757,3.8,213727,3.8,121130,27569,13498,2561,193482,9462,10268,515,147215,17542,194535,19192,93415,68020,3323,134595,77814,1318,144674,4171,15599,165375,44897,3038
KZN,DC22,KZN226,Mkhambathini,B3,78.1,16807,3.8,12861,4.8,9218,6546,784,259,10330,2208,288,35,7128,9679,7370,5491,3510,11850,1447,3250,9275,336,9676,641,6452,10055,1860,849
KZN,DC22,KZN227,Richmond,B4,78.6,16358,4,13580,4.6,8924,6901,436,97,11101,2215,228,35,9060,7297,10493,3087,3332,12526,500,3081,10284,215,10005,431,5878,10908,1706,951
KZN,DC23,KZN235,Okhahlamba,B4,80.1,27575,4.8,29095,4.9,11791,15534,114,135,19910,8397,740,48,8666,18909,14148,14947,3240,21467,2867,7605,20665,826,13283,981,13238,17612,6043,5407
KZN,DC23,KZN237,Inkosi Langalibalele,B3,38.7,41617,4.7,48416,4.8,26352,14471,498,297,40405,7204,668,139,19177,22440,27377,21039,10391,27193,4033,16099,30912,1405,20177,1525,19803,29213,8273,10867
KZN,DC23,KZN238,Alfred Duma,B2,34,77951,4.4,94685,4.4,58884,17245,1383,440,84570,8627,1107,381,55501,22450,69976,24709,36275,36241,5435,56311,37414,960,50030,2015,25632,66869,18115,9610
KZN,DC24,KZN241,Endumeni,B3,24,16850,3.8,23960,4.2,14683,1152,881,133,22625,744,542,48,14285,2565,21231,2728,13480,2684,686,19631,4069,260,11429,1015,4337,15970,5031,2904
KZN,DC24,KZN242,Nqutu,B4,69.5,31610,5.2,33617,6,19944,11291,181,194,25380,7868,316,53,12822,18788,14399,19217,1822,27036,2753,6749,25535,1332,12927,918,17711,24220,4521,4816
KZN,DC24,KZN244,Msinga,B4,90.2,35586,4.8,35561,5.8,11939,23333,135,179,19717,15612,75,157,8668,26917,9493,26068,1214,26669,7702,4268,28286,3007,4766,1719,28989,21005,4233,10248
KZN,DC24,KZN245,Umvoti,B3,50.1,30029,3.8,32290,4.4,14986,13315,1478,250,22573,8839,793,85,9792,20237,15662,16627,7646,18433,3950,13112,18005,1173,12532,1249,16172,19138,6584,6535
KZN,DC25,KZN252,Newcastle,B1,27.1,84271,4.3,116763,4.3,76791,2642,4459,379,112122,2503,1958,180,75724,8547,108894,7869,48738,33235,2298,88285,26698,1780,69798,1881,12361,92899,19781,3886
KZN,DC25,KZN253,Emadlangeni,B3,48,6252,5.5,7998,4.6,3644,2409,148,51,6536,1079,372,10,1833,4419,4291,3707,2073,3223,956,3442,4392,164,2515,237,3489,2965,2188,2835
KZN,DC25,KZN254,Dannhauser,B4,79.1,20580,5,25479,5.6,16944,3001,493,143,21783,3391,276,29,14730,5850,18442,7037,2646,17252,682,6069,19052,358,10664,477,9342,18436,3768,3229
KZN,DC26,KZN261,eDumbe,B3,54,16138,5.1,17922,5.4,11937,3997,146,58,14716,3102,72,32,7296,8842,11671,6251,4045,10531,1562,4430,13025,467,5647,398,10057,8515,2789,6596
KZN,DC26,KZN262,uPhongolo,B4,61.9,28287,4.4,28618,5.3,23857,3788,342,301,26989,1120,408,101,12873,15414,17300,11318,4064,16626,7597,9232,17845,1540,16680,1689,9817,19775,5886,2884
KZN,DC26,KZN263,Abaqulusi,B3,31.9,43784,4.9,50633,4.9,34290,8190,929,375,42739,5925,1707,262,27987,15797,34992,15641,18959,19012,5813,27321,21972,1339,26867,1423,15351,32007,11041,7448
KZN,DC26,KZN265,Nongoma,B4,83.3,34341,5.7,32266,7,22196,11745,218,182,28391,3426,300,149,8301,26040,10588,21678,2094,22256,9992,5736,23320,3210,15902,2682,15685,24318,4757,3108
KZN,DC26,KZN266,Ulundi,B4,57.3,35198,5.4,36178,6.1,22960,11765,271,202,30722,4950,414,91,17287,17911,22606,13572,7179,21712,6307,13949,21431,798,21230,1001,12867,25992,6867,3286
KZN,DC27,KZN271,Umhlabuyalingana,B4,87,33871,4.6,34686,5.5,19537,13865,131,338,31224,2904,408,149,13890,19980,13506,21180,1798,25847,6226,9025,24253,1407,4018,2591,27161,17524,7767,9270
KZN,DC27,KZN272,Jozini,B4,81.7,38849,4.8,35824,5.6,29702,8308,374,465,31771,2901,965,187,17162,21686,16796,19027,4721,25143,8985,8650,25867,1307,9952,3482,25261,22813,5085,7696
KZN,DC27,KZN275,Mtubatuba,B3,72.9,34905,5,35421,6.1,28096,5172,1394,243,32884,1758,651,128,15228,19677,17410,18011,7057,21389,6458,10561,23495,1365,19375,2091,13300,26419,5858,3051
KZN,DC27,KZN276,Big Five Hlabisa,B3,83,20567,5.2,23136,5.7,14627,5465,193,282,21199,1665,186,86,8021,12546,7045,16090,3293,15320,1954,4689,16710,1737,7700,1737,11049,15007,3747,4283
KZN,DC28,KZN281,Mfolozi,B4,86.1,25184,5,28517,5.6,17786,6245,848,304,25288,2594,578,57,15503,9680,16005,12512,2335,19700,3149,7428,20325,764,15585,840,8654,22197,4072,2152
KZN,DC28,KZN282,uMhlathuze,B1,14,94010,3.9,100441,4.1,82183,8402,2661,765,97417,2009,778,237,81682,12328,89029,11411,48105,42087,3818,62799,36981,661,81354,3114,9348,77342,21700,1301
KZN,DC28,KZN284,uMlalazi,B4,58.8,45062,4.7,45119,5.4,27359,16370,828,504,36516,7628,573,402,21946,23115,23720,21399,8763,26122,10177,13951,29948,1220,20505,2540,21811,29699,8028,7251
KZN,DC28,KZN285,Mthonjaneni,B3,70.8,16255,5.1,15408,6.4,7575,8224,340,116,11615,3478,118,197,6926,9329,9044,6364,3150,9593,3512,5743,8736,928,5916,892,9367,9927,2771,2673
KZN,DC28,KZN286,Nkandla,B4,66.6,22460,5.1,16254,6.7,7140,15137,79,103,9075,7010,143,27,8860,13600,7523,8732,2081,17642,2737,2719,13128,407,5183,908,16294,8757,2429,5051
KZN,DC29,KZN291,Mandeni,B4,67.5,38269,3.6,40436,4.5,22472,10823,4699,275,37312,1829,1208,86,23476,14793,31491,8944,11316,25554,1399,17563,22011,861,29756,1435,6999,32316,6589,1414
KZN,DC29,KZN292,KwaDukuza,B2,13.8,70250,3.3,96368,3.4,56826,3746,7767,1911,91351,1317,3535,166,58585,11665,88874,7494,27300,39830,3119,55899,39755,713,59733,2421,7924,68492,26277,1360
KZN,DC29,KZN293,Ndwedwe,B4,88.5,29198,4.8,29981,5.5,14163,14281,573,181,21634,7926,295,126,12413,16785,11634,18347,2302,24914,1982,6644,22525,812,8271,1192,19636,18596,5444,5790
KZN,DC29,KZN294,Maphumulo,B4,81.2,19973,4.8,20397,5.4,8145,11568,185,74,13585,6501,174,137,4323,15649,7061,13335,700,16583,2690,3372,16461,564,4874,922,14129,12478,3400,4470
KZN,DC43,KZN433,Greater Kokstad,B2,31.8,19140,3.4,22736,3.6,16008,1804,1208,119,20527,972,1135,103,14824,4316,18813,3923,12439,6070,630,18064,4411,261,13559,1061,4487,16489,4269,1947
KZN,DC43,KZN434,Ubuhlebezwe,B4,76.9,25520,4.3,26742,5,7655,15692,2039,134,18810,6783,1087,62,9987,15533,10389,16353,3377,21416,728,6663,19246,834,7192,1155,17093,14902,4155,7640
KZN,DC43,KZN435,Umzimkhulu,B4,91.3,42907,4.2,40064,5.5,14019,28224,467,198,22723,16896,264,181,12161,30746,16133,23931,3014,38502,1392,9940,28495,1629,14773,1982,26073,25357,6569,8098
KZN,DC43,KZN436,Dr Nkosazana Dlamini Zuma,B3,76.4,24581,4.2,25525,5,8650,15270,481,180,14068,10322,726,408,5732,18849,8523,17002,4281,19538,762,8048,17265,212,6054,1281,17174,12595,4676,8232
LP,DC33,LIM331,Greater Giyani,B4,74.9,63193,3.8,79735,4,55593,5939,1483,177,73776,5093,726,140,38545,24649,43173,36562,7868,42891,12434,19345,56919,3471,14736,287,48041,20009,9675,49908
LP,DC33,LIM332,Greater Letaba,B4,88.6,58612,3.6,65220,4,53830,2447,1955,381,61580,2437,1130,74,36185,22427,39549,25672,5980,46335,6298,13051,50050,2119,18192,370,39933,22642,7744,34696
LP,DC33,LIM333,Greater Tzaneen,B4,40,108705,3.6,129579,3.7,100495,4823,2747,640,125867,1784,1267,660,48013,60692,62271,67308,19441,77098,12166,37515,88154,3910,51386,1061,55995,73866,18773,36580
LP,DC33,LIM334,Ba-Phalaborwa,B3,33.4,41114,3.7,51651,3.7,39634,1149,213,118,50653,741,132,124,36679,4435,38373,13278,17496,18919,4698,25223,24250,2178,27801,628,12615,30636,7844,13084
LP,DC33,LIM335,Maruleng,B4,48.6,24689,3.9,31968,4,23690,644,231,124,30982,541,162,284,8209,16480,14390,17579,3169,20051,1469,8480,22792,697,7424,412,16789,9831,5365,16728
LP,DC34,LIM341,Musina,B3,48.1,29590,3.5,45934,2.8,23025,3274,3000,291,41728,1280,2762,164,17086,12504,30889,15045,13553,13109,2928,25905,18038,1991,14228,492,14792,21102,8147,16594
LP,DC34,LIM343,Thulamela,B4,74.9,114001,3.9,142527,4,104352,8269,1116,263,137427,3996,793,312,81283,32718,95438,47089,15511,91062,7429,40070,99384,3073,40968,1830,71014,53220,17715,71406
LP,DC34,LIM344,Makhado,B4,48.8,107733,3.8,140338,3.6,99702,4055,3316,661,132944,4469,2664,261,59332,48401,57482,82856,16650,85143,5940,41750,95845,2743,41755,2194,63606,51687,22192,66238
LP,DC34,LIM345,Collins Chabane,B4,87.5,83951,3.9,108160,4.1,66862,16190,723,177,98422,7840,748,1149,68805,15146,69071,39088,6535,63707,13709,20529,79311,8319,16320,526,66929,26019,12428,69290
LP,DC35,LIM351,Blouberg,B4,78.3,44673,3.9,57575,3.3,41669,1050,1733,221,55573,586,1174,241,22251,22422,39182,18393,3132,36692,4849,17798,38604,1173,14926,700,28987,19673,14222,23628
LP,DC35,LIM353,Molemole,B4,78.9,34673,3.6,41939,3,33304,392,875,102,40537,918,392,91,17519,17154,23291,18648,4694,28515,1464,13781,27466,691,23631,431,10562,27117,8617,6158
LP,DC35,LIM354,Polokwane,B1,41.4,203605,3.6,249443,3.4,183691,2054,16811,1050,236941,3140,8613,750,166203,37403,187267,62176,78578,118813,6215,120397,125762,3284,140349,5309,57696,171359,48705,29080
LP,DC35,LIM355,Lepele-Nkumpi,B4,72,59885,3.9,78217,3.6,56611,1496,1659,118,75987,890,1071,269,32836,27049,44977,33241,11424,46673,1788,27139,50414,665,35594,544,23682,43695,14535,19921
LP,DC36,LIM361,Thabazimbi,B3,33,25079,3.4,26832,2.4,17724,469,6505,381,22426,335,3966,105,16027,9052,21353,5479,17037,6457,1585,20771,5001,1060,18330,418,6290,15669,8223,2889
LP,DC36,LIM362,Lephalale,B3,41.8,30639,3.9,43832,2.9,25016,415,4887,321,38294,312,4931,296,21655,8984,27831,16001,13436,15503,1700,21627,21538,668,18458,928,11220,18996,12984,11808
LP,DC36,LIM366,Bela-Bela,B3,33.5,18068,3.7,22449,2.9,15601,109,2222,136,19905,56,2454,34,12732,5336,18187,4262,14266,3368,434,17837,4481,131,13662,714,3654,11376,7263,3756
LP,DC36,LIM367,Mogalakwena,B2,54.2,78632,3.9,109294,3.5,73880,901,3536,316,106336,501,2269,188,54449,24183,65373,43921,21955,54314,2364,46628,61467,1199,46766,1564,30219,56908,25148,27132
LP,DC36,LIM368,Modimolle-Mookgophong,B3,20,27439,3.8,46119,2.8,24181,191,2839,228,40591,256,5098,174,20371,7068,34315,11804,19350,7035,1054,36181,8902,1036,20602,952,5850,26538,13501,6010
LP,DC47,LIM471,Ephraim Mogale,B4,56.4,32284,3.8,35953,3.7,30102,773,1232,177,34858,446,538,111,21349,10934,18685,17268,3498,27109,1677,9400,26146,406,15086,319,16808,16999,6940,11996
LP,DC47,LIM472,Elias Motsoaledi,B4,65.9,60251,4.1,79136,3.6,54503,2274,3141,334,74998,1468,2370,301,26239,34012,34285,44851,7026,50545,2680,24847,53381,908,37830,666,21617,48944,18381,11675
LP,DC47,LIM473,Makhuduthamaga,B4,65.2,65320,4.2,78497,4.3,58811,2846,3406,256,76081,807,1368,241,33420,31899,34065,44432,2418,60310,2591,14042,63746,710,32294,593,32329,42541,12071,23833
LP,DC47,LIM476,Fetakgomo Tubatse,B4,78.9,105948,4,147167,3.9,90680,4214,10082,971,139165,2494,4670,838,50262,55686,59817,87350,6888,92498,6562,34849,109492,2825,58576,1018,46180,83985,26608,36273
MP,DC30,MP301,Chief Albert Luthuli,B4,79.3,47705,3.9,63303,3.9,36497,7994,2857,357,59005,2374,1823,101,32783,14922,47164,16139,9801,35429,2476,25263,36753,1287,24256,794,22520,36418,12813,13944
MP,DC30,MP302,Msukaligwa,B2,42,40932,3.6,67827,2.9,30827,3993,5715,396,57325,2892,7354,256,34030,6901,58374,9453,29822,9123,1987,53572,13061,1195,20092,1026,19733,32715,16373,18637
MP,DC30,MP303,Mkhondo,B3,57.1,37433,4.6,58504,4.4,24399,11048,1150,836,51216,5113,1970,205,22763,14670,44055,14450,15763,16847,4823,29987,26245,2273,15458,1079,20788,26394,11345,20684
MP,DC30,MP304,Dr Pixley Ka Isaka Seme,B3,40.2,19838,4.2,32972,3.5,15227,3103,1448,59,29589,1389,1935,58,16692,3146,29436,3536,12936,5994,907,25523,6586,863,10379,310,9083,20014,6045,6870
MP,DC30,MP305,Lekwa,B3,17.3,31071,3.7,38583,3.1,22858,570,7414,228,34143,602,3669,169,27172,3898,35171,3412,26668,3123,1280,35257,2602,724,25025,341,5651,29177,6766,2539
MP,DC30,MP306,Dipaleseng,B3,42.1,12637,3.4,13129,2.7,8521,70,3985,61,11651,170,1273,34,10563,2074,11767,1362,9747,2124,766,11769,1143,217,9271,256,3081,8262,3400,1400
MP,DC30,MP307,Govan Mbeki,B1,19.8,83869,3.5,103864,3,59548,366,23365,590,89774,1170,12567,353,80031,3838,99484,4380,75839,6511,1519,95540,7222,1102,67598,1555,14498,79250,18047,6452
MP,DC31,MP311,Victor Khanye,B3,24.7,20548,3.7,33786,3.1,16291,521,3158,578,29066,156,4505,59,15708,4840,29500,4287,16120,3963,465,28650,4475,662,13052,695,6724,21279,7852,4602
MP,DC31,MP312,Emalahleni,B1,16.9,119873,3.3,164573,2.6,92595,2721,23138,1419,144874,800,18489,409,103753,16120,137234,27338,84869,32017,2987,129268,33984,1321,84811,2749,32145,97245,47467,19683
MP,DC31,MP313,Steve Tshwete,B1,21.5,64966,3.5,80052,3,53924,1102,9190,750,72479,479,6955,138,58957,6009,72734,7318,54445,9139,1381,69718,10170,164,53108,1293,10398,57116,15809,7051
MP,DC31,MP314,Emakhazeni,B2,37.7,13721,3.4,19613,2.6,11228,736,1537,219,18621,196,768,28,10640,3080,17972,1641,10665,2162,894,18243,1115,256,6794,383,6515,9639,6032,3907
MP,DC31,MP315,Thembisile,B4,68.4,75633,4.1,110563,3.9,64774,2874,7678,307,105260,2024,3056,223,67552,8081,83411,27152,6382,67288,1963,30616,78712,1235,60453,1167,13870,80520,24329,5548
MP,DC31,MP316,Dr JS Moroka,B4,74.4,62162,4,74581,4.4,56531,692,4813,126,70839,832,2719,190,40457,21705,35804,38777,9346,51602,1215,22968,51036,577,43023,626,18444,50374,12230,11914
MP,DC32,MP321,Thaba Chweu,B3,36.3,33352,2.9,43295,2.5,24881,1316,6790,365,35986,324,6860,126,24134,9218,37387,5909,22798,9574,980,30803,11744,748,23927,762,8589,25060,11546,6611
MP,DC32,MP324,Nkomazi,B4,76.5,96202,4.1,134143,4.4,88775,3950,2797,679,129255,1613,3060,215,56155,40046,91451,42692,10184,71144,14873,35798,94417,3928,61940,1708,32257,94281,22268,17156
MP,DC32,MP325,Bushbuckridge,B4,72.5,133559,4,167927,4.5,128048,3627,1589,296,164787,2140,812,188,82295,51264,128118,39809,10828,105829,16901,39326,124269,4332,77083,856,55188,103348,23482,40751
MP,DC32,MP326,City of Mbombela,B1,35.3,181966,3.6,215004,3.8,166751,3602,10181,1432,206769,2833,4614,788,115827,66139,136411,78594,64890,104545,12532,98222,113639,3144,149529,5248,26780,175551,33064,5777
NC,DC6,NC061,Richtersveld,B3,45.8,3543,3.4,5643,4.3,3136,93,159,155,5536,19,75,14,3145,398,5546,97,2762,604,177,5266,318,60,3177,225,123,4413,1176,39
NC,DC6,NC062,Nama Khoi,B3,21.4,13193,3.6,14579,4.6,12489,141,346,218,13989,346,206,37,11914,1280,13842,737,9817,2749,628,12746,1611,222,12011,477,637,12193,2093,210
NC,DC6,NC064,Kamiesberg,B3,45.8,3143,3.2,3576,4.2,3005,24,41,73,3433,23,106,14,2360,783,3225,351,1432,1544,168,2091,1317,168,2376,480,267,2663,823,75
NC,DC6,NC065,Hantam,B3,34.6,6387,3.4,5326,4.2,6192,53,97,44,4801,20,480,26,4562,1825,5191,135,4870,1132,385,4719,509,98,4519,758,1089,4430,669,205
NC,DC6,NC066,Karoo Hoogland,B3,56.2,3804,3.3,2885,4.1,3685,15,72,32,2775,8,94,8,2402,1402,2755,130,2168,1338,298,2010,859,16,2244,486,1067,2338,429,115
NC,DC6,NC067,Kh+Ã³i-Ma,B3,38.1,3787,3.3,1938,4.4,3259,337,131,60,1812,16,82,28,2640,1147,1731,208,2909,664,213,1610,300,28,3198,265,313,1546,350,33
NC,DC7,NC071,Ubuntu,B3,42.1,5129,3.6,3990,4,4491,137,455,45,3785,15,187,4,3480,1649,2920,1070,3811,832,486,3690,184,117,3929,228,958,3020,654,307
NC,DC7,NC072,Umsobomvu,B3,39,7841,3.6,8057,3.7,6917,19,833,72,7634,61,320,42,6548,1293,7735,322,5802,1410,629,7386,459,213,6175,349,1295,6194,1574,281
NC,DC7,NC073,Emthanjeni,B3,22,10457,4.1,10622,4.4,9973,74,311,99,10114,39,460,9,9191,1266,9901,721,8894,1231,331,10367,126,130,9105,418,898,8934,1346,318
NC,DC7,NC074,Kareeberg,B3,66.7,3222,3.6,2677,4.1,2888,9,243,82,2280,12,353,32,2296,926,2460,217,2206,707,308,2161,378,138,2101,298,808,1772,616,281
NC,DC7,NC075,Renosterberg,B3,62.3,2995,3.7,3017,3.6,2836,2,144,14,2798,1,209,8,2394,601,2841,176,2489,343,164,2809,80,128,2469,102,413,2355,447,197
NC,DC7,NC076,Thembelihle,B3,49.9,4138,3.8,5211,4.3,3208,12,874,44,3546,10,1642,12,3116,1023,4755,457,2708,1004,427,3606,1253,352,2612,683,820,2924,1905,361
NC,DC7,NC077,Siyathemba,B3,37,5831,3.7,6739,4,5165,25,618,23,5872,11,844,12,4541,1290,4893,1846,4157,1235,439,5733,905,101,4789,254,774,5364,1061,295
NC,DC7,NC078,Siyancuma,B3,32.9,9578,3.9,13422,4,6990,71,2379,138,9988,86,3180,169,6349,3230,10435,2987,5767,2643,1169,9916,2649,857,7180,470,1901,8605,3682,1057
NC,DC8,NC082,Kai !Garib,B3,43.5,16703,3.9,20366,4.2,14765,388,1051,499,17576,403,2310,78,9664,7039,16154,4212,12026,2698,1980,15720,2965,1681,13787,704,2181,14472,4729,926
NC,DC8,NC084,!Kheis,B3,63.7,4146,4,4967,4.4,2750,42,1317,37,3296,614,984,74,2564,1582,3678,1290,2004,1116,1026,2477,1906,584,2291,344,1500,3682,739,453
NC,DC8,NC085,Tsantsabane,B3,32.1,9839,3.6,9381,3.3,7061,92,2536,149,7610,135,1538,98,7547,2291,8130,1251,6781,1254,1804,8012,791,578,7784,856,1113,6422,2722,213
NC,DC8,NC086,Kgatelopele,B3,57.8,5381,3.5,5286,3.8,4826,28,509,19,4785,8,478,15,4678,704,5003,283,5017,238,126,5016,233,37,4782,133,454,4069,1076,135
NC,DC8,NC087,Dawid Kruiper,B2,25.5,25028,4,30434,4.1,19085,198,5419,326,21750,84,8468,132,22223,2805,27041,3393,18265,5408,1355,22311,5818,2305,21405,1777,1779,21378,7466,1408
NC,DC9,NC091,Sol Plaatje,B1,15.2,60296,4.1,68314,4,49212,184,10378,523,58832,267,8998,218,57900,2396,64659,3655,50955,6603,2738,59366,6907,2042,48246,4540,7335,47848,17368,2845
NC,DC9,NC092,Dikgatlong,B3,46.8,11967,3.9,14406,4,9390,169,2018,391,12431,112,1759,104,9617,2351,12781,1625,8371,1954,1642,11830,1596,979,8375,718,2821,10471,2755,1118
NC,DC9,NC093,Magareng,B3,58.3,6120,4,6770,4,5330,36,742,12,6080,36,646,8,5172,948,5510,1260,5117,740,264,5940,764,65,4858,260,982,5423,1084,247
NC,DC9,NC094,Phokwane,B3,37.9,17544,3.6,19599,4.1,14696,211,2423,214,17353,44,2049,153,15576,1968,17922,1677,12271,3636,1637,15114,3513,971,13389,435,3685,15511,3013,988
NC,DC45,NC451,Joe Morolong,B4,74.1,23705,3.8,26537,4.7,17185,5300,1002,218,23507,1840,1022,167,17001,6705,18402,8135,1731,19543,2432,4319,20635,1583,12606,675,10297,16927,4080,5407
NC,DC45,NC452,Ga-Segonyana,B3,60.5,26816,3.5,29379,4,21732,1807,3025,251,26414,311,2457,197,23534,3282,21866,7513,7026,16773,3017,10058,18040,1282,22958,1378,2398,20196,8021,1104
NC,DC45,NC453,Gamagara,B3,10.3,10807,3.9,10431,2.8,8041,40,2481,245,8594,20,1561,256,9946,861,9608,823,9467,962,377,9313,735,383,8902,688,1185,7000,3157,267
NW,DC37,NW371,Moretele,B4,81.2,52744,3.6,60058,3.6,44611,496,7501,136,55040,276,4495,247,39728,13017,33089,26969,2974,49034,736,11371,48061,625,40354,579,11732,45759,8754,5439
NW,DC37,NW372,Local Municipality of Madibeng,B1,46.2,160041,3,173188,3,94490,1162,63260,1130,132399,1208,38633,948,98868,61174,111751,61438,51530,99210,9301,88587,81677,2924,121158,3546,35092,115793,42237,14655
NW,DC37,NW373,Rustenburg,B1,18.4,199035,2.8,203658,2.8,136726,1268,59268,1772,174860,1004,27060,734,165976,33059,182977,20681,111916,79442,7676,148307,52406,2945,159700,3321,35763,141827,50620,10749
NW,DC37,NW374,Kgetlengrivier,B3,64.2,14673,3.5,15183,3.6,10570,90,3698,314,13583,75,1438,87,8257,6416,12220,2963,9904,3239,1530,13446,1256,482,9648,760,4214,9672,4575,903
NW,DC37,NW375,Moses Kotane,B4,60.6,75193,3.2,79404,3.3,58859,1023,14493,818,71454,912,6636,403,60407,14787,52437,26968,10480,62235,2479,25914,52669,822,56506,815,17559,58491,13952,6778
NW,DC38,NW381,Ratlou,B4,81.3,26889,4,31273,4.1,24164,953,1413,358,29305,950,912,106,14329,12559,17540,13734,866,22647,3376,6614,22211,2448,16478,295,10037,19800,5950,5382
NW,DC38,NW382,Tswaing,B3,55.2,30634,4.1,31618,4.1,23752,504,6231,147,26408,120,4772,318,20373,10261,23064,8554,11428,15890,3317,15858,14532,1229,20206,605,9750,22389,6514,2626
NW,DC38,NW383,Mahikeng,B2,34.1,84239,3.5,104648,3.4,73557,1477,8760,444,97825,573,5852,399,48812,35427,65734,38913,27179,53081,3979,53194,50488,966,64903,2924,16250,75848,24174,4422
NW,DC38,NW384,Ditsobotla,B3,33.2,44500,3.8,42416,3.9,33025,3548,7404,523,38169,696,3212,339,26642,17858,31186,11229,21035,19387,4079,28100,13652,663,29895,1040,13420,31762,7453,3118
NW,DC38,NW385,Ramotshere Moiloa,B3,65.6,40740,3.7,47597,3.4,33188,1533,4810,1209,42831,638,3883,246,26632,14108,34599,12998,10799,27612,2329,19173,27541,883,23658,1173,15802,28408,10519,8593
NW,DC39,NW392,Naledi,B3,24.5,18571,3.6,16099,4,15080,242,2991,257,14830,37,1207,25,14626,3945,14014,2086,12827,3419,2324,13132,2513,455,11972,1879,4641,10731,4445,887
NW,DC39,NW393,Mamusa,B3,51.3,14623,4.1,17291,4.1,12069,207,2180,166,16057,72,1123,38,11061,3561,13791,3500,9322,3600,1700,11649,5201,441,10911,381,3253,13234,3047,953
NW,DC39,NW394,Greater Taung,B4,84,48613,3.7,53551,3.8,43008,2776,2658,171,51199,558,1600,194,42771,5841,44694,8857,4928,38623,5061,14914,37843,795,35240,760,12156,39028,10883,3478
NW,DC39,NW396,Lekwa-Teemane,B3,29.8,14930,3.6,15303,3.9,11823,49,2954,104,14668,33,582,20,13104,1825,14307,996,13535,683,712,14767,309,227,12106,489,2273,12659,2168,449
NW,DC39,NW397,Kagisano/Molopo,B4,79.6,28531,3.7,29850,3.8,25406,906,1945,275,28901,241,582,126,16119,12411,19170,10680,3083,21116,4332,7975,21366,509,14797,927,12736,17225,7070,5498
NW,DC40,NW403,City of Matlosana,B1,17.3,120441,3.3,128359,3.4,99866,737,18692,1146,117014,392,10451,501,112454,7987,121035,7323,113462,4866,2113,118451,8129,1779,103071,2915,14177,93937,24917,9308
NW,DC40,NW404,Maquassi Hills,B3,39,20505,3.8,25067,3.6,16793,166,3182,365,23364,41,1538,125,15561,4944,19864,5203,16224,1672,2609,22326,1227,1514,15895,346,4201,18482,5159,1370
NW,DC40,NW405,JB Marks,B1,22.1,67098,3.3,66719,3.2,52684,391,13533,488,56306,252,9799,363,53811,13287,58388,8331,50597,12119,4382,53510,9710,3499,52786,1890,12270,40642,19124,6827
WC,CPT,CPT,City of Cape Town,METRO,15.3,1068515,3.5,1452845,3.3,837481,3767,218780,8487,1271679,7419,170115,3632,1039796,28719,1407703,45142,963777,75669,29068,1356649,81813,14383,936207,80095,49285,933298,491776,25112
WC,DC1,WC011,Matzikama,B3,34.4,18835,3.6,19101,3.6,16650,103,1808,273,17045,115,1827,115,15005,3830,17483,1619,13171,3959,1705,17947,797,357,15892,1227,1641,13756,4870,432
WC,DC1,WC012,Cederberg,B3,32.2,13513,3.7,15912,3.5,11774,117,1475,147,11953,1070,2865,24,7639,5874,13028,2883,11158,1398,958,14043,940,928,11182,812,1485,9984,4659,1170
WC,DC1,WC013,Bergrivier,B3,19.9,16275,3.8,20412,3.4,15193,180,578,323,18699,282,1315,117,10748,5526,17515,2897,14554,1051,670,19935,362,116,14539,929,738,14845,5377,131
WC,DC1,WC014,Saldanha Bay,B2,13,28833,3.4,50559,3.1,23563,134,4950,187,44345,217,5882,116,28073,760,48590,1969,27745,545,543,47135,2666,758,26641,1469,651,30037,19972,485
WC,DC1,WC015,Swartland,B3,17.9,29324,3.9,44856,3.3,26650,97,2205,372,40133,638,3864,221,22633,6691,41787,3068,26613,1980,731,43431,1276,148,27239,1225,775,30827,13528,407
WC,DC2,WC022,Witzenberg,B3,23.7,27419,4.2,26227,4,23641,225,3173,380,22998,216,2943,70,17505,9914,21972,4255,25096,1599,723,25206,452,569,24444,983,1936,19697,5803,675
WC,DC2,WC023,Drakenstein,B1,11.7,59773,4.2,76776,3.6,50874,321,8015,563,69083,359,7140,195,52628,7145,73263,3513,55899,3072,802,74247,2269,260,53018,3970,2555,51399,24451,817
WC,DC2,WC024,Stellenbosch,B1,14.2,43417,3.6,59626,2.9,32623,251,9947,597,52063,398,7051,114,37845,5573,56061,3565,39511,2872,1035,57703,903,1020,37982,2719,2547,34383,24188,925
WC,DC2,WC025,Breede Valley,B2,17,42527,3.9,54284,3.9,33148,301,8493,585,47623,392,6126,143,34738,7789,49528,4756,37514,2753,2260,51529,2369,386,36270,2397,3701,36176,16791,1196
WC,DC2,WC026,Langeberg,B3,18.5,25121,3.9,25370,3.7,22788,99,2023,212,23264,272,1778,55,18322,6799,22921,2448,22388,1900,833,24441,624,305,22435,1269,1353,19846,4946,527
WC,DC3,WC031,Theewaterskloof,B3,26.5,28910,3.8,43121,3.2,23227,497,4519,667,34509,405,8076,131,23069,5841,39479,3642,25056,1552,2301,36220,2196,4705,24551,1277,3008,29580,11250,2222
WC,DC3,WC032,Overstrand,B2,12.5,27983,2.9,59980,2.2,22409,344,4746,484,54103,364,5347,166,26003,1980,59018,963,26198,1364,421,59378,522,80,20682,4728,2491,22128,37113,670
WC,DC3,WC033,Cape Agulhas,B3,17.4,10162,3.3,16220,2.5,8660,78,1286,137,15310,56,837,16,9205,958,15522,698,9188,408,566,15985,139,95,8952,902,283,9226,6913,71
WC,DC3,WC034,Swellendam,B3,35.8,10139,3.5,15477,3,8955,67,1002,115,14064,100,1281,31,7756,2383,13841,1636,8685,1136,318,14851,528,98,8638,818,661,9475,5445,495
WC,DC4,WC041,Kannaland,B3,30.7,6210,4,8686,3.7,5982,31,159,39,8273,101,282,30,4615,1595,7537,1149,4626,1292,292,7549,994,143,5020,336,835,5896,2184,583
WC,DC4,WC042,Hessequa,B3,19.9,15873,3.3,22333,3.2,14890,120,727,136,21279,198,814,43,13066,2807,21489,844,14396,1177,299,21774,488,70,13369,1595,854,15879,6151,268
WC,DC4,WC043,Mossel Bay,B2,13.7,28023,3.2,52985,2.6,24060,176,3443,344,49000,778,3063,144,26049,1974,51509,1477,25481,1566,977,51467,1025,492,24060,2119,1774,32313,19995,573
WC,DC4,WC044,George,B1,30,53549,3.6,85931,3.4,44937,322,7738,552,75014,760,9987,170,47592,5957,82060,3871,47103,3852,2594,80219,5302,410,44876,3772,4714,52777,30008,2844
WC,DC4,WC045,Oudtshoorn,B2,20.3,21910,4.4,31795,4.3,19399,151,2200,160,28467,551,2697,81,19659,2251,30509,1286,17611,3550,749,28150,2882,762,17036,1706,3077,20463,9320,1921
WC,DC4,WC047,Bitou,B3,22,16645,3,21848,3,12013,168,4059,405,18651,98,3049,50,14513,2133,21045,803,13984,2239,422,21262,508,78,14064,1600,906,14954,6725,151
WC,DC4,WC048,Knysna,B2,15.8,21893,3.1,32398,3,16160,139,5265,329,27127,568,4611,91,19965,1929,30946,1452,16660,3964,1270,29344,2604,450,17159,2222,2447,19267,11852,1172
WC,DC5,WC051,Laingsburg,B3,39.9,2408,3.4,3314,3.4,2326,20,31,31,3187,27,79,21,1308,1100,2670,644,1992,298,117,3170,99,45,1769,226,408,2304,825,176
WC,DC5,WC052,Prince Albert,B3,45.5,3578,3.7,4760,3.7,3359,20,165,35,4670,13,76,2,2570,1009,4141,619,2918,512,148,4604,136,20,2723,302,551,3487,1114,151
WC,DC5,WC053,Beaufort West,B3,30.3,13088,3.8,19216,3.8,12809,45,162,72,19104,35,70,7,10421,2667,17548,1668,12088,664,336,18826,253,137,11080,490,1479,15323,3290,550
