prov_code,dc_code,muni_code,name,area_km2,miif_category,government_transfers_subsidies_percent,male_pop_2011,female_pop_2011,total_pop_2011,school_attendance_ages_5_to_24_2011,sex_ratio_2011,male_pop_2022,female_pop_2022,total_pop_2022,school_attendance_ages_5_to_24_2022,sex_ratio_2022,growth_rate_2011_to_2022
EC,BUF,BUF,Buffalo City,2752.6,METRO,19.4,371242,410610,781853,195367,90.4,461693,513562,975255,233425,89.9,2.1
EC,DC10,EC101,Dr Beyers Naude,28653,B3,37.8,38599,40693,79292,18657,94.9,47720,53281,101001,22689,89.6,2.3
EC,DC10,EC102,Blue Crane Route,11068.5,B3,34.9,17680,18322,36002,8036,96.5,24191,25691,49883,10653,94.2,3.2
EC,DC10,EC104,Makana,4376.4,B2,31.3,38175,42215,80390,18517,90.4,45885,51930,97815,22021,88.4,1.9
EC,DC10,EC105,Ndlambe,1839.9,B3,38.2,29035,32141,61176,12731,90.3,41327,46470,87797,17031,88.9,3.5
EC,DC10,EC106,Sundays River Valley,5995.2,B3,54.9,27761,26743,54504,10896,103.8,26157,27099,53256,10148,96.5,-0.2
EC,DC10,EC108,Kouga,2670.5,B3,21.2,48591,49967,98558,19575,97.2,50690,56325,107014,19821,90,0.8
EC,DC10,EC109,Kou-Kamma,3641.8,B3,50.2,20405,20258,40663,8257,100.7,17703,18784,36487,8186,94.2,-1.1
EC,DC12,EC121,Mbhashe,3302.5,B4,88.8,120231,141439,261670,98542,85,111137,128883,240020,74458,86.2,-0.8
EC,DC12,EC122,Mnquma,3137.3,B4,75.4,114871,130758,245629,84329,87.9,111374,121619,232993,63221,91.6,-0.5
EC,DC12,EC123,Great Kei,1699.8,B3,51.6,14798,16034,30832,7517,92.3,17491,18499,35990,7933,94.6,1.5
EC,DC12,EC124,Amahlathi,4505.5,B3,62,48357,52678,101035,28276,91.8,56463,59240,115703,30076,95.3,1.3
EC,DC12,EC126,Ngqushwa,2112.5,B4,76.6,30282,34140,64422,17576,88.7,32614,35686,68300,17299,91.4,0.6
EC,DC12,EC129,Raymond Mhlaba,6357.3,B3,51.6,72810,78569,151379,39291,92.7,85924,92671,178594,44823,92.7,1.6
EC,DC13,EC131,Inxuba Yethemba,11663.5,B3,26,31671,33889,65560,15906,93.5,36323,41254,77578,18411,88,1.6
EC,DC13,EC135,Intsika Yethu,2846,B4,90.4,71315,79403,150718,51735,89.8,62202,65899,128101,34744,94.4,-1.6
EC,DC13,EC136,Emalahleni,3484.2,B4,77.4,57242,63516,120758,40766,90.1,62702,66171,128873,35069,94.8,0.6
EC,DC13,EC137,Engcobo,2483.9,B4,92.2,71953,83560,155513,56315,86.1,63403,69396,132799,40794,91.4,-1.5
EC,DC13,EC138,Sakhisizwe,2345.1,B3,74.7,30440,32714,63154,20694,93,31226,32755,63981,16808,95.3,0.1
EC,DC13,EC139,Enoch Mgijima,13584.1,B2,29.9,119230,131546,250776,74441,90.6,140782,156273,297055,78797,90.1,1.6
EC,DC14,EC141,Elundini,5018.8,B4,72,64962,72083,137045,48065,90.1,68768,72994,141762,39753,94.2,0.3
EC,DC14,EC142,Senqu,7329.4,B4,67,62804,71346,134150,45166,88,68342,78731,147073,42377,86.8,0.9
EC,DC14,EC145,Walter Sisulu,13268.9,B3,27.7,37156,40321,77477,21250,92.2,49461,54752,104213,26505,90.3,2.9
EC,DC15,EC153,Ngquza Hill,2476.8,B4,87.2,128974,149507,278481,107449,86.3,167830,186743,354573,122737,89.9,2.3
EC,DC15,EC154,Port St Johns,1291.2,B4,89.8,71482,84654,156136,63788,84.4,84382,94943,179325,59748,88.9,1.3
EC,DC15,EC155,Nyandeni,2474,B4,88.2,134241,156149,290390,117442,86,143295,161561,304856,99190,88.7,0.5
EC,DC15,EC156,Mhlontlo,2880.3,B4,85.9,88596,102149,190745,71622,86.7,88564,97827,186391,55642,90.5,-0.2
EC,DC15,EC157,King Sabata Dalindyebo,3018.9,B2,33.6,207315,242972,450287,160029,85.3,223728,252830,476558,141030,88.5,0.6
EC,DC44,EC441,Matatiele,4352.3,B3,74.2,93675,110168,203843,74310,85,105977,119585,225562,69647,88.6,1
EC,DC44,EC442,Umzimvubu,2578.9,B4,82.8,88013,103762,191775,69889,84.8,100626,113850,214477,65484,88.4,1.1
EC,DC44,EC443,Winnie Madikizela-Mandela,2415.5,B4,80.1,128332,153573,281905,115157,83.6,163889,186111,350000,124900,88.1,2.1
EC,DC44,EC444,Ntabankulu,1384.5,B4,88,56467,67354,123821,48759,83.8,68964,77459,146423,48732,89,1.6
EC,NMA,NMA,Nelson Mandela Bay,1957,METRO,14.8,552994,599121,1152115,269961,92.3,563211,627285,1190496,255462,89.8,0.3
FS,DC16,FS161,Letsemeng,9825.9,B3,49.1,19852,18777,38628,9084,105.7,21056,22045,43101,9830,95.5,1.1
FS,DC16,FS162,Kopanong,15648,B3,47.9,24083,25087,49171,12374,96,24567,27265,51832,12659,90.1,0.5
FS,DC16,FS163,Mohokare,8775.8,B3,51,16314,17831,34146,9646,91.5,17621,19347,36968,10099,91.1,0.8
FS,DC18,FS181,Masilonyana,6617.8,B3,39.8,30248,29648,59895,14768,102,30652,33148,63800,16808,92.5,0.6
FS,DC18,FS182,Tokologo,9316.5,B3,48.5,14410,14576,28986,7001,98.9,14199,15256,29455,7638,93.1,0.2
FS,DC18,FS183,Tswelopele,6533.5,B3,59.4,22864,24761,47625,13031,92.3,27428,29468,56896,15704,93.1,1.7
FS,DC18,FS184,Matjhabeng,5690.4,B1,21.3,201802,205218,407020,101830,98.3,210469,228565,439034,112067,92.1,0.7
FS,DC18,FS185,Nala,4128.8,B3,42.5,38867,42353,81220,21435,91.8,43429,47132,90561,23496,92.1,1.1
FS,DC19,FS191,Setsoto,5431.2,B3,51.9,52340,59698,112038,32339,87.7,59948,67970,127918,34689,88.2,1.3
FS,DC19,FS192,Dihlabeng,4867.7,B2,27.9,61153,67551,128704,33843,90.5,60864,69571,130434,31000,87.5,0.1
FS,DC19,FS193,Nketoana,5604.5,B3,32.7,28611,31713,60324,17259,90.2,31260,35228,66488,17055,88.7,0.9
FS,DC19,FS194,Maluti a Phofung,4337.7,B3,62.5,153209,182575,335784,108045,83.9,184386,214074,398459,113419,86.1,1.7
FS,DC19,FS195,Phumelela,8197.2,B3,59.7,23162,24611,47772,13325,94.1,25033,27191,52224,13090,92.1,0.9
FS,DC19,FS196,Mantsopa,4290.6,B3,37.5,24402,26654,51056,13885,91.6,26361,29536,55897,14523,89.3,0.9
FS,DC20,FS201,Moqhaka,7924.6,B2,31.2,79477,81055,160532,37396,98.1,74579,80831,155410,37328,92.3,-0.3
FS,DC20,FS203,Ngwathe,7055,B3,36.7,57424,63096,120520,31829,91,63460,71502,134962,32426,88.8,1.1
FS,DC20,FS204,Metsimaholo,1717.1,B2,24.2,77636,71472,149108,35503,108.6,77992,80399,158391,38730,97,0.6
FS,DC20,FS205,Mafube,3976.6,B3,50.1,27805,30071,57876,16580,92.5,28707,32443,61150,15470,88.5,0.5
FS,MAN,MAN,Mangaung,9886.3,METRO,24.5,375308,399876,775184,206827,93.9,385812,425620,811431,203457,90.6,0.4
GP,EKU,EKU,Ekurhuleni,1975.7,METRO,18.9,1627724,1550747,3178470,672503,105,2077352,1989339,4066691,778437,104.4,2.4
GP,DC42,GT421,Emfuleni,965.6,B1,13.3,354862,366800,721663,180233,96.7,468231,477420,945650,211970,98.1,2.6
GP,DC42,GT422,Midvaal,1722.7,B2,17.2,49178,46123,95301,19012,106.6,56349,55905,112254,21990,100.8,1.6
GP,DC42,GT423,Lesedi,1484.4,B3,25.1,51317,48203,99520,22166,106.5,66404,66380,132783,30079,100,2.8
GP,DC48,GT481,Mogale City,1344.7,B1,23,185096,177522,362618,75932,104.3,221672,216545,438217,88812,102.4,1.8
GP,DC48,GT484,Merafong City,1630,B2,21.7,107157,90363,197520,40116,118.6,114789,110687,225476,47618,103.7,1.3
GP,DC48,GT485,Rand West City,1114.7,B2,28.8,136038,125016,261053,54898,108.8,168726,166047,334773,71636,101.6,2.4
GP,JHB,JHB,City of Johannesburg,1642.6,METRO,19.3,2225021,2209609,4434631,893838,100.7,2419151,2384111,4803262,871485,101.5,0.8
GP,TSH,TSH,City of Tshwane,6297.8,METRO,18.3,1453483,1468005,2921488,657833,99,2025279,2015036,4040315,829564,100.5,3.1
KZN,ETH,ETH,eThekwini,2555.9,METRO,15.5,1698673,1778013,3476686,812505,95.5,2072331,2167569,4239901,805314,95.6,1.9
KZN,DC21,KZN212,Umdoni,989.8,B2,58.2,62055,68358,130413,36792,90.8,74392,82051,156443,35370,90.7,1.8
KZN,DC21,KZN213,Umzumbe,1223.9,B4,91.6,71327,82079,153407,53585,86.9,65513,73532,139045,40015,89.1,-1
KZN,DC21,KZN214,uMuziwabantu,1089.3,B3,60.4,44754,51802,96556,34138,86.4,54516,61263,115780,39536,89,1.8
KZN,DC21,KZN216,Ray Nkonyeni,1487.1,B2,33.3,145232,163443,308675,86996,88.9,171980,190154,362134,91483,90.4,1.6
KZN,DC22,KZN221,uMshwathi,1865.9,B4,68.8,45655,51138,96793,29928,89.3,55837,62641,118478,30980,89.1,2
KZN,DC22,KZN222,uMngeni,1520.8,B2,25.8,45378,48480,93858,19999,93.6,50012,55057,105069,20726,90.8,1.1
KZN,DC22,KZN223,Mpofana,1755.2,B3,34.7,17085,17828,34913,8188,95.8,15764,17618,33382,7532,89.5,-0.4
KZN,DC22,KZN224,Impendle,1609.6,B4,85.1,17544,19681,37226,12093,89.1,17422,19226,36648,10847,90.6,-0.2
KZN,DC22,KZN225,The Msunduzi,751.1,B1,16.9,295945,325770,621715,161941,90.8,390308,427417,817725,177803,91.3,2.7
KZN,DC22,KZN226,Mkhambathini,868.5,B3,78.1,31284,33244,64528,17353,94.1,29229,32432,61660,14484,90.1,-0.4
KZN,DC22,KZN227,Richmond,1231.4,B4,78.6,31744,33796,65540,18231,93.9,30440,32313,62754,15194,94.2,-0.4
KZN,DC23,KZN235,Okhahlamba,3971,B4,80.1,61624,70443,132068,46798,87.5,66227,76906,143132,42107,86.1,0.8
KZN,DC23,KZN237,Inkosi Langalibalele,3398.6,B3,38.7,91433,104794,196227,63724,87.3,107711,123213,230924,62741,87.4,1.6
KZN,DC23,KZN238,Alfred Duma,3764.4,B2,34,157737,182040,339777,110197,86.6,193713,221323,415036,113242,87.5,1.9
KZN,DC24,KZN241,Endumeni,1610.2,B3,24,31637,33225,64862,17842,95.2,48391,51695,100085,25547,93.6,4.2
KZN,DC24,KZN242,Nqutu,1962.3,B4,69.5,75194,90113,165307,64117,83.4,93058,108074,201133,67230,86.1,1.9
KZN,DC24,KZN244,Msinga,2375.2,B4,90.2,73458,95687,169145,65430,76.8,89746,116255,206001,71047,77.2,1.9
KZN,DC24,KZN245,Umvoti,2704.7,B3,50.1,50688,64027,114715,37443,79.2,63204,78837,142042,40524,80.2,2.1
KZN,DC25,KZN252,Newcastle,1855.8,B1,27.1,172846,190390,363236,116909,90.8,243434,264276,507710,138539,92.1,3.3
KZN,DC25,KZN253,Emadlangeni,3539.3,B3,48,17486,16956,34442,11022,103.1,18189,18759,36948,9772,97,0.7
KZN,DC25,KZN254,Dannhauser,1707.3,B4,79.1,48769,54168,102937,36944,90,68839,73911,142750,43383,93.1,3.2
KZN,DC26,KZN261,eDumbe,1942.8,B3,54,38447,43605,82053,29153,88.2,45519,51216,96735,28789,88.9,1.6
KZN,DC26,KZN262,uPhongolo,3110.1,B4,61.9,58018,65566,123584,42552,88.5,71269,80271,151541,47730,88.8,2
KZN,DC26,KZN263,Abaqulusi,4313.6,B3,31.9,102184,112530,214714,71191,90.8,116369,130894,247263,74465,88.9,1.4
KZN,DC26,KZN265,Nongoma,2182.1,B4,83.3,88490,106418,194908,77155,83.2,102241,123038,225278,71767,83.1,1.4
KZN,DC26,KZN266,Ulundi,3250.6,B4,57.3,85061,103255,188317,69496,82.4,101394,120583,221977,67740,84.1,1.6
KZN,DC27,KZN271,Umhlabuyalingana,4977.1,B4,87,71797,84975,156772,61047,84.5,88753,102907,191660,55283,86.2,2
KZN,DC27,KZN272,Jozini,3438.3,B4,81.7,86116,100386,186502,72712,85.8,93016,106137,199153,59806,87.6,0.6
KZN,DC27,KZN275,Mtubatuba,1969.8,B3,72.9,81314,94111,175425,62971,86.4,100941,114928,215869,62894,87.8,2
KZN,DC27,KZN276,Big Five Hlabisa,3470.1,B3,83,49420,57727,107147,39515,85.6,60993,70761,131755,39789,86.2,2
KZN,DC28,KZN281,Mfolozi,1300.3,B4,86.1,60113,65556,125669,41722,91.7,76886,82782,159668,43435,92.9,2.3
KZN,DC28,KZN282,uMhlathuze,1232.9,B1,14,179967,190290,370256,106532,94.6,199907,212168,412075,99060,94.2,1
KZN,DC28,KZN284,uMlalazi,2213.9,B4,58.8,98407,115194,213601,74249,85.4,111528,129888,241416,66784,85.9,1.2
KZN,DC28,KZN285,Mthonjaneni,1638.6,B3,70.8,38264,45313,83577,29698,84.4,45472,53816,99289,28030,84.5,1.7
KZN,DC28,KZN286,Nkandla,1827.6,B4,66.6,50647,63770,114416,41358,79.4,49517,59379,108896,33442,83.4,-0.5
KZN,DC29,KZN291,Mandeni,554.8,B4,67.5,65374,72767,138141,40893,89.8,85891,95049,180939,48410,90.4,2.6
KZN,DC29,KZN292,KwaDukuza,740,B2,13.8,114118,117007,231125,55677,97.5,156627,168285,324912,69882,93.1,3.3
KZN,DC29,KZN293,Ndwedwe,1078.6,B4,88.5,66296,74524,140820,48291,89,78518,87309,165826,46790,89.9,1.6
KZN,DC29,KZN294,Maphumulo,895.9,B4,81.2,43221,53503,96724,36877,80.8,50165,60819,110983,34308,82.5,1.3
KZN,DC43,KZN433,Greater Kokstad,2679.8,B2,31.8,32032,33950,65981,18114,94.4,39048,42628,81676,21774,91.6,2.1
KZN,DC43,KZN434,Ubuhlebezwe,1669.7,B4,76.9,51449,59476,110925,37390,86.5,62618,70414,133032,38783,88.9,1.8
KZN,DC43,KZN435,Umzimkhulu,2435.6,B4,91.3,81749,98553,180302,68486,82.9,101416,119203,220620,73865,85.1,2
KZN,DC43,KZN436,Dr Nkosazana Dlamini Zuma,3602,B3,76.4,48645,54673,103318,33467,89,60873,67692,128565,38809,89.9,2.1
LP,DC33,LIM331,Greater Giyani,4166.6,B4,74.9,107606,135380,242986,93445,79.5,143873,172968,316841,99474,83.2,2.6
LP,DC33,LIM332,Greater Letaba,1895.8,B4,88.6,95823,118109,213932,77593,81.1,117818,143220,261038,76245,82.3,1.9
LP,DC33,LIM333,Greater Tzaneen,2896.2,B4,40,181316,208307,389623,124076,87,223101,255152,478254,124420,87.4,2
LP,DC33,LIM334,Ba-Phalaborwa,7489.6,B3,33.4,73017,77620,150637,47542,94.1,90254,98348,188603,54740,91.8,2.2
LP,DC33,LIM335,Maruleng,3562.6,B4,48.6,43819,51510,95328,33075,85.1,59477,68660,128137,34803,86.6,2.9
LP,DC34,LIM341,Musina,10346.6,B3,48.1,51183,53526,104709,28171,95.6,68221,62678,130899,30551,108.8,2.2
LP,DC34,LIM343,Thulamela,2641.7,B4,74.9,205028,245104,450131,166084,83.6,268293,307636,575929,170025,87.2,2.4
LP,DC34,LIM344,Makhado,7605.1,B4,48.8,190521,220832,411353,142904,86.3,236244,266208,502452,142353,88.7,1.9
LP,DC34,LIM345,Collins Chabane,5003.1,B4,87.5,144765,183764,328529,129707,78.8,201111,242686,443798,145291,82.9,2.9
LP,DC35,LIM351,Blouberg,9539.9,B4,78.3,79669,95416,175085,71001,83.5,87948,104162,192109,59614,84.4,0.9
LP,DC35,LIM353,Molemole,3627.6,B4,78.9,58035,68471,126506,45363,84.8,59161,67969,127130,36437,87,0
LP,DC35,LIM354,Polokwane,5053.7,B1,41.4,347330,381303,728633,235009,91.1,406945,436514,843459,224479,93.2,1.4
LP,DC35,LIM355,Lepele-Nkumpi,3484.3,B4,72,105208,126031,231239,82062,83.5,132447,151958,284404,81542,87.2,2
LP,DC36,LIM361,Thabazimbi,11190,B3,33,49877,35357,85234,12554,141.1,34913,30134,65047,11411,115.9,-2.6
LP,DC36,LIM362,Lephalale,13793.5,B3,41.8,64297,54567,118864,30169,117.8,62761,62437,125198,30813,100.5,0.5
LP,DC36,LIM366,Bela-Bela,3406.2,B3,33.5,33754,32746,66500,15213,103.1,31811,32496,64306,13622,97.9,-0.3
LP,DC36,LIM367,Mogalakwena,6156.2,B2,54.2,142224,162361,304585,103830,87.6,180531,197667,378198,100250,91.3,2.1
LP,DC36,LIM368,Modimolle-Mookgophong,10367.5,B3,20,53016,51137,104153,24599,103.7,64950,65164,130113,28260,99.7,2.2
LP,DC47,LIM471,Ephraim Mogale,2011.3,B4,56.4,58207,65442,123648,40972,88.9,62367,70101,132468,36255,89,0.7
LP,DC47,LIM472,Elias Motsoaledi,3713.3,B4,65.9,115503,133860,249363,88119,86.3,135762,152287,288049,83441,89.1,1.4
LP,DC47,LIM473,Makhuduthamaga,2109.6,B4,65.2,121532,153348,274880,102170,79.3,155771,184557,340328,103551,84.4,2.1
LP,DC47,LIM476,Fetakgomo Tubatse,5693.5,B4,78.9,202406,226542,428948,143542,89.3,275658,300302,575960,162457,91.8,2.9
MP,DC30,MP301,Chief Albert Luthuli,5553.3,B4,79.3,87188,98822,186010,66700,88.2,115948,131716,247664,68183,88,2.8
MP,DC30,MP302,Msukaligwa,6003.4,B2,42,74113,75264,149377,41144,98.5,97031,102284,199314,45710,94.9,2.8
MP,DC30,MP303,Mkhondo,4900.5,B3,57.1,82263,89719,171982,55920,91.7,119729,135682,255411,64867,88.2,3.8
MP,DC30,MP304,Dr Pixley Ka Isaka Seme,5227.2,B3,40.2,39520,43715,83235,27067,90.4,55362,59942,115304,27045,92.4,3.2
MP,DC30,MP305,Lekwa,4594.4,B3,17.3,57647,58014,115662,30666,99.4,58334,61335,119669,27255,95.1,0.3
MP,DC30,MP306,Dipaleseng,2607.4,B3,42.1,21462,20928,42390,10680,102.6,17629,18351,35980,8517,96.1,-1.6
MP,DC30,MP307,Govan Mbeki,2954.7,B1,19.8,152211,142326,294538,70993,106.9,155266,154851,310117,67105,100.3,0.5
MP,DC31,MP311,Victor Khanye,1567.8,B3,24.7,38816,36636,75452,18037,106,53973,52175,106149,21632,103.4,3.3
MP,DC31,MP312,Emalahleni,2677.6,B1,16.9,208751,186715,395466,90943,111.8,220559,213963,434522,94526,103.1,0.9
MP,DC31,MP313,Steve Tshwete,3976.5,B1,21.5,119411,110421,229831,51610,108.1,120304,121726,242031,49376,98.8,0.5
MP,DC31,MP314,Emakhazeni,4735.6,B2,37.7,24099,23117,47216,11726,104.2,24271,25894,50165,10814,93.7,0.6
MP,DC31,MP315,Thembisile,2384.4,B4,68.4,147676,162783,310458,96922,90.7,206177,225070,431248,108567,91.6,3.2
MP,DC31,MP316,Dr JS Moroka,1416.5,B4,74.4,117494,132211,249705,81536,88.9,153912,170943,324855,85997,90,2.6
MP,DC32,MP321,Thaba Chweu,5710.5,B3,36.3,50415,47972,98387,21637,105.1,54093,55129,109223,24827,98.1,1
MP,DC32,MP324,Nkomazi,4785.3,B4,76.5,186074,206956,393030,135819,89.9,278082,313846,591928,157149,88.6,4
MP,DC32,MP325,Bushbuckridge,10248.2,B4,72.5,244816,293777,538593,199027,83.3,343292,407529,750821,204775,84.2,3.2
MP,DC32,MP326,City of Mbombela,7151.6,B1,35.3,322097,336507,658604,185108,95.7,395832,423093,818925,194717,93.6,2.1
NC,DC6,NC061,Richtersveld,9607.7,B3,45.8,6300,5682,11982,2348,110.9,12302,11933,24235,5087,103.1,6.8
NC,DC6,NC062,Nama Khoi,17990.4,B3,21.4,23215,23826,47041,10127,97.4,32590,34499,67089,12312,94.5,3.4
NC,DC6,NC064,Kamiesberg,14208.4,B3,45.8,5136,5051,10187,1986,101.7,7437,7693,15130,3145,96.7,3.8
NC,DC6,NC065,Hantam,39084.5,B3,34.6,10858,10813,21671,4449,100.4,10638,11643,22281,4587,91.4,0.3
NC,DC6,NC066,Karoo Hoogland,30230.4,B3,56.2,6215,6299,12514,2435,98.7,5683,6008,11691,2420,94.6,-0.7
NC,DC6,NC067,Kh+Ã³i-Ma,15714.9,B3,38.1,6550,5897,12446,2276,111.1,4434,4076,8510,1683,108.8,-3.7
NC,DC7,NC071,Ubuntu,20393.2,B3,42.1,9225,9376,18601,4329,98.4,7665,8171,15836,3963,93.8,-1.6
NC,DC7,NC072,Umsobomvu,6813.4,B3,39,13689,14687,28376,7607,93.2,13953,15601,29555,7765,89.4,0.4
NC,DC7,NC073,Emthanjeni,13472.1,B3,22,20722,21634,42356,11204,95.8,22375,24211,46587,11577,92.4,0.9
NC,DC7,NC074,Kareeberg,17700.8,B3,66.7,5755,5918,11673,2499,97.2,5062,5899,10961,2478,85.8,-0.6
NC,DC7,NC075,Renosterberg,5529.3,B3,62.3,5371,5607,10978,2852,95.8,5122,5721,10843,2375,89.5,-0.1
NC,DC7,NC076,Thembelihle,8023.1,B3,49.9,7976,7724,15701,3744,103.3,10807,11735,22542,5302,92.1,3.5
NC,DC7,NC077,Siyathemba,14704,B3,37,10759,10832,21591,5072,99.3,13457,13645,27102,6008,98.6,2.2
NC,DC7,NC078,Siyancuma,16587.4,B3,32.9,18570,18505,37076,9304,100.4,26097,27068,53165,13159,96.4,3.5
NC,DC8,NC082,Kai !Garib,26236.3,B3,43.5,34278,31591,65869,12769,108.5,42166,42938,85104,19446,98.2,2.5
NC,DC8,NC084,!Kheis,11102.4,B3,63.7,8408,8229,16637,4431,102.2,10720,11234,21954,5640,95.4,2.7
NC,DC8,NC085,Tsantsabane,18289.3,B3,32.1,18363,16730,35093,7888,109.8,15643,15326,30969,6326,102.1,-1.2
NC,DC8,NC086,Kgatelopele,2478.4,B3,57.8,9472,9215,18687,4633,102.8,9841,10012,19854,4812,98.3,0.6
NC,DC8,NC087,Dawid Kruiper,44399.3,B2,25.5,49647,50851,100498,25941,97.6,60057,65686,125744,30164,91.4,2.2
NC,DC9,NC091,Sol Plaatje,3311.6,B1,15.2,120212,127829,248041,61324,94,129370,140709,270078,64962,91.9,0.8
NC,DC9,NC092,Dikgatlong,7315.5,B3,46.8,23062,23778,46841,12324,97,27517,29449,56967,13618,93.4,1.9
NC,DC9,NC093,Magareng,1546.4,B3,58.3,11732,12473,24204,6492,94.1,12814,14002,26816,6556,91.5,1
NC,DC9,NC094,Phokwane,828.1,B3,37.9,30491,32509,63000,17641,93.8,38403,42079,80481,21057,91.3,2.4
NC,DC45,NC451,Joe Morolong,20179.8,B4,74.1,41262,48268,89530,30139,85.5,58039,67381,125420,41963,86.1,3.3
NC,DC45,NC452,Ga-Segonyana,4494.8,B3,60.5,44994,48658,93651,27477,92.5,56318,61136,117454,31275,92.1,2.2
NC,DC45,NC453,Gamagara,2647.9,B3,10.3,22710,18907,41617,8520,120.1,14809,14771,29580,5980,100.3,-3.3
NW,DC37,NW371,Moretele,1497.9,B4,81.2,92025,96508,188533,52165,95.4,108333,110787,219120,55304,97.8,1.5
NW,DC37,NW372,Local Municipality of Madibeng,3720.1,B1,46.2,253159,222636,475796,96757,113.7,264904,257662,522566,116355,102.8,0.9
NW,DC37,NW373,Rustenburg,3416.1,B1,18.4,301796,247779,549575,103638,121.8,292453,269862,562315,111778,108.4,0.2
NW,DC37,NW374,Kgetlengrivier,3973.1,B3,64.2,27034,24015,51049,10845,112.6,27069,27691,54759,13354,97.8,0.7
NW,DC37,NW375,Moses Kotane,5726.2,B4,60.6,120515,122038,242554,59524,98.8,132741,132927,265668,63294,99.9,0.9
NW,DC38,NW381,Ratlou,4883.6,B4,81.3,51310,56029,107339,34578,91.6,62364,66403,128766,38765,93.9,1.8
NW,DC38,NW382,Tswaing,5885.3,B3,55.2,61931,62287,124218,37651,99.4,63195,65477,128672,35045,96.5,0.3
NW,DC38,NW383,Mahikeng,3645.9,B2,34.1,141642,149885,291527,87022,94.5,174177,180327,354504,93737,96.6,1.9
NW,DC38,NW384,Ditsobotla,6387.1,B3,33.2,85297,83605,168902,44076,102,80218,83959,164176,42060,95.5,-0.3
NW,DC38,NW385,Ramotshere Moiloa,7322.8,B3,65.6,73220,77494,150713,42076,94.5,78617,82987,161605,42307,94.7,0.7
NW,DC39,NW392,Naledi,7032,B3,24.5,33502,33279,66781,15911,100.7,30893,32862,63755,16213,94,-0.5
NW,DC39,NW393,Mamusa,3603.3,B3,51.3,29941,30414,60355,17918,98.4,33923,36560,70483,19946,92.8,1.5
NW,DC39,NW394,Greater Taung,5636.5,B4,84,83756,93886,177642,58048,89.2,98064,103945,202009,57646,94.3,1.2
NW,DC39,NW396,Lekwa-Teemane,3653.6,B3,29.8,26600,26648,53248,13740,99.8,29134,30681,59815,16072,95,1.1
NW,DC39,NW397,Kagisano/Molopo,23827.2,B4,79.6,50918,54870,105789,31969,92.8,53483,58647,112130,32368,91.2,0.6
NW,DC40,NW403,City of Matlosana,3602.2,B1,17.3,199364,199311,398676,96851,100,209074,222157,431231,101523,94.1,0.8
NW,DC40,NW404,Maquassi Hills,4670.6,B3,39,38680,39114,77794,20610,98.9,43740,46563,90302,24661,93.9,1.4
NW,DC40,NW405,JB Marks,6398,B1,22.1,109213,110250,219463,57243,99.1,102652,110018,212670,49197,93.3,-0.3
WC,CPT,CPT,City of Cape Town,2440.6,METRO,15.3,1830701,1909330,3740031,788356,95.9,2307628,2465218,4772846,934103,93.6,2.4
WC,DC1,WC011,Matzikama,12981.4,B3,34.4,33624,33523,67147,13957,100.3,33977,35066,69043,13313,96.9,0.3
WC,DC1,WC012,Cederberg,8007.5,B3,32.2,24994,24774,49768,9759,100.9,27068,28040,55108,8762,96.5,1
WC,DC1,WC013,Bergrivier,4407,B3,19.9,30060,31837,61897,11642,94.4,33925,36351,70276,12764,93.3,1.2
WC,DC1,WC014,Saldanha Bay,2015.4,B2,13,49389,49804,99193,19274,99.2,76440,78195,154635,30574,97.8,4.3
WC,DC1,WC015,Swartland,3708,B3,17.9,56472,57290,113762,21826,98.6,71885,76447,148331,28523,94,2.6
WC,DC2,WC022,Witzenberg,10753.2,B3,23.7,59554,56392,115946,23795,105.6,51282,52483,103765,18319,97.7,-1.1
WC,DC2,WC023,Drakenstein,1536.6,B1,11.7,123525,127737,251262,54044,96.7,133988,142813,276800,53091,93.8,0.9
WC,DC2,WC024,Stellenbosch,835.6,B1,14.2,76173,79555,155728,35385,95.7,85071,90339,175411,37475,94.2,1.2
WC,DC2,WC025,Breede Valley,3834,B2,17,81067,85758,166825,37734,94.5,102639,110043,212682,41482,93.3,2.4
WC,DC2,WC026,Langeberg,4517.6,B3,18.5,47891,49834,97724,21539,96.1,45238,48808,94045,16981,92.7,-0.4
WC,DC3,WC031,Theewaterskloof,3260.6,B3,26.5,55494,53370,108864,21683,104,69712,69851,139563,24627,99.8,2.4
WC,DC3,WC032,Overstrand,1674.6,B2,12.5,39755,40603,80358,13131,97.9,64376,68120,132495,19452,94.5,4.9
WC,DC3,WC033,Cape Agulhas,3470,B3,17.4,16229,16808,33038,6228,96.6,19460,20814,40274,5843,93.5,1.9
WC,DC3,WC034,Swellendam,3835.1,B3,35.8,17891,18025,35916,7305,99.3,23436,23678,47114,8374,99,2.6
WC,DC4,WC041,Kannaland,4765.4,B3,30.7,11995,12772,24767,4972,93.9,15269,16717,31986,5971,91.3,2.5
WC,DC4,WC042,Hessequa,5732.6,B3,19.9,25525,27117,52642,10238,94.1,34673,37245,71918,11576,93.1,3
WC,DC4,WC043,Mossel Bay,2001,B2,13.7,43751,45679,89430,16634,95.8,67674,72401,140075,21472,93.5,4.4
WC,DC4,WC044,George,5191,B1,30,95310,98362,193672,41126,96.9,144969,149960,294929,56628,96.7,4.1
WC,DC4,WC045,Oudtshoorn,3540.4,B2,20.3,45913,50021,95933,23328,91.8,65968,72289,138257,28119,91.3,3.5
WC,DC4,WC047,Bitou,991.9,B3,22,24468,24694,49162,9491,99.1,31650,33589,65240,12640,94.2,2.7
WC,DC4,WC048,Knysna,1108.8,B2,15.8,33957,34702,68659,13544,97.9,46878,49177,96055,17588,95.3,3.3
WC,DC5,WC051,Laingsburg,8784.5,B3,39.9,4134,4155,8289,1562,99.5,5541,5825,11366,1945,95.1,3.1
WC,DC5,WC052,Prince Albert,8152.9,B3,45.5,6496,6640,13136,2821,97.8,8562,9274,17836,3636,92.3,3
WC,DC5,WC053,Beaufort West,21916.6,B3,30.3,24137,25449,49586,11860,94.8,34853,38119,72972,17184,91.4,3.8
